{
  "generated": "2025-12-25T01:55:10.431589",
  "data_source": "data/processed/combined/test",
  "n_proteins": 200,
  "n_total_residues": 97388,
  "n_binding_residues": 3392,
  "binding_ratio": 0.0348297531523391,
  "enrichment": {
    "GLU": 0.539,
    "THR": 1.068,
    "LEU": 0.708,
    "GLY": 2.076,
    "CYS": 2.04,
    "PHE": 0.89,
    "MET": 0.841,
    "GLN": 0.617,
    "SER": 1.585,
    "PRO": 0.749,
    "TYR": 0.992,
    "ASN": 1.012,
    "ILE": 0.878,
    "TRP": 1.271,
    "ASP": 1.022,
    "ALA": 1.007,
    "ARG": 0.595,
    "LYS": 0.49,
    "VAL": 1.076,
    "HIS": 0.923
  },
  "p_values": {
    "GLU": 3.256793716788693e-11,
    "THR": 0.36210662851175524,
    "LEU": 3.295925366380016e-07,
    "GLY": 1.8969650736099801e-63,
    "CYS": 2.7353115173301286e-12,
    "PHE": 0.21005459100657217,
    "MET": 0.17275261585564147,
    "GLN": 2.9765425285201167e-05,
    "SER": 1.0170048839271983e-15,
    "PRO": 0.0016122910889760182,
    "TYR": 0.9287973530937206,
    "ASN": 0.888424605473284,
    "ILE": 0.09049597144310706,
    "TRP": 0.046225933786409296,
    "ASP": 0.7657373828803593,
    "ALA": 0.9105151394719524,
    "ARG": 2.0311459977515212e-07,
    "LYS": 1.069572155956486e-12,
    "VAL": 0.24777410101350486,
    "HIS": 0.5026042076370238
  },
  "binding_counts": {
    "HIS": 72,
    "SER": 315,
    "VAL": 258,
    "ILE": 173,
    "TRP": 72,
    "CYS": 99,
    "ASP": 201,
    "LEU": 222,
    "GLY": 545,
    "PHE": 120,
    "ASN": 140,
    "LYS": 97,
    "THR": 200,
    "GLU": 114,
    "ALA": 278,
    "PRO": 121,
    "ARG": 100,
    "GLN": 75,
    "TYR": 126,
    "MET": 64
  },
  "non_binding_counts": {
    "LYS": 5490,
    "GLN": 3368,
    "TYR": 3520,
    "LEU": 8689,
    "GLU": 5858,
    "MET": 2108,
    "VAL": 6644,
    "ASP": 5452,
    "GLY": 7275,
    "THR": 5190,
    "ASN": 3833,
    "ARG": 4658,
    "SER": 5506,
    "ILE": 5463,
    "PHE": 3735,
    "HIS": 2162,
    "PRO": 4479,
    "CYS": 1345,
    "TRP": 1570,
    "ALA": 7651
  },
  "category_enrichment": {
    "hydrophobic": 0.958,
    "polar": 1.264,
    "charged_positive": 0.669,
    "charged_negative": 0.78,
    "special": 1.412,
    "aromatic": 1.019
  },
  "significant_enriched": [
    [
      "GLY",
      2.076,
      1.8969650736099801e-63
    ],
    [
      "CYS",
      2.04,
      2.7353115173301286e-12
    ],
    [
      "SER",
      1.585,
      1.0170048839271983e-15
    ],
    [
      "TRP",
      1.271,
      0.046225933786409296
    ]
  ],
  "significant_depleted": [
    [
      "PRO",
      0.749,
      0.0016122910889760182
    ],
    [
      "LEU",
      0.708,
      3.295925366380016e-07
    ],
    [
      "GLN",
      0.617,
      2.9765425285201167e-05
    ],
    [
      "ARG",
      0.595,
      2.0311459977515212e-07
    ],
    [
      "GLU",
      0.539,
      3.256793716788693e-11
    ],
    [
      "LYS",
      0.49,
      1.069572155956486e-12
    ]
  ]
}