{
  "architecture": {
    "full_model": {
      "auc": 0.7960058403776905,
      "f1": 0.28945808915519855,
      "precision": 0.2722655766134027,
      "recall": 0.30896823165588977,
      "mcc": 0.26455910340541566,
      "threshold": 0.9000000000000002
    },
    "no_attention": {
      "auc": 0.7972284232556215,
      "f1": 0.27919394825503785,
      "precision": 0.25484507369153997,
      "recall": 0.3086870958673039,
      "mcc": 0.2537929160621592,
      "threshold": 0.8000000000000003
    },
    "no_geometric": {
      "auc": 0.8084308490488656,
      "f1": 0.30455868089233756,
      "precision": 0.3245349022102083,
      "recall": 0.28689907225189765,
      "mcc": 0.2832213447451178,
      "threshold": 0.7500000000000002
    },
    "fewer_layers": {
      "auc": 0.7797308271753928,
      "f1": 0.26171797745401804,
      "precision": 0.24643078833022966,
      "recall": 0.2790272701714928,
      "mcc": 0.2357741374842934,
      "threshold": 0.8000000000000003
    }
  },
  "loss_function": {
    "combined_loss": {
      "auc": 0.8170003847874867,
      "f1": 0.3091781004395897,
      "precision": 0.2937974683544304,
      "recall": 0.32625808265392187,
      "mcc": 0.28509882068317544,
      "threshold": 0.8000000000000003
    },
    "bce_only": {
      "auc": 0.7788790370766031,
      "f1": 0.2682089552238806,
      "precision": 0.28587336939230035,
      "recall": 0.25260050604441947,
      "mcc": 0.245660545275747,
      "threshold": 0.25000000000000006
    },
    "weighted_bce": {
      "auc": 0.8062935901203716,
      "f1": 0.29910987293606034,
      "precision": 0.2894909903985269,
      "recall": 0.30938993533876863,
      "mcc": 0.2748843053744972,
      "threshold": 0.8500000000000003
    },
    "dice_only": {
      "auc": 0.7312252812651704,
      "f1": 0.26775208646873716,
      "precision": 0.2607942430703625,
      "recall": 0.2750913691312904,
      "mcc": 0.24253231029124153,
      "threshold": 0.6000000000000002
    }
  }
}