{
  "train": {
    "split": "train",
    "n_proteins": 3449,
    "total_residues": 1728213,
    "total_binding_sites": 54661,
    "total_non_binding": 1673552,
    "binding_ratio": 0.03162862448089443,
    "avg_protein_size": 501.0765439257756,
    "min_protein_size": 51,
    "max_protein_size": 5340,
    "std_protein_size": 356.44761417415947,
    "avg_binding_ratio": 0.04603789770783969,
    "std_binding_ratio": 0.035740780674865386
  },
  "val": {
    "split": "val",
    "n_proteins": 431,
    "total_residues": 233048,
    "total_binding_sites": 6838,
    "total_non_binding": 226210,
    "binding_ratio": 0.029341594864577256,
    "avg_protein_size": 540.7146171693736,
    "min_protein_size": 104,
    "max_protein_size": 1996,
    "std_protein_size": 383.37566432306977,
    "avg_binding_ratio": 0.042596392181483006,
    "std_binding_ratio": 0.03310512874624668
  },
  "test": {
    "split": "test",
    "n_proteins": 432,
    "total_residues": 218593,
    "total_binding_sites": 7114,
    "total_non_binding": 211479,
    "binding_ratio": 0.03254450051008038,
    "avg_protein_size": 506.00231481481484,
    "min_protein_size": 93,
    "max_protein_size": 1994,
    "std_protein_size": 355.5773897300477,
    "avg_binding_ratio": 0.04819234472821265,
    "std_binding_ratio": 0.036715434677140876
  },
  "leakage_check": {
    "train_val_overlap": [],
    "train_test_overlap": [],
    "val_test_overlap": [],
    "has_leakage": false
  },
  "feature_issues": []
}