{
  "COACH420": {
    "auc": 0.8119047870214504,
    "f1": 0.2641802641802642,
    "precision": 0.38288288288288286,
    "recall": 0.20166073546856464,
    "mcc": 0.2662061867834808,
    "n_residues": 188746,
    "n_binding": 4215,
    "included": 311,
    "skipped": 108,
    "total": 419
  },
  "scPDB": {
    "auc": 0.8887873807486129,
    "f1": 0.4355400696864111,
    "precision": 0.44802867383512546,
    "recall": 0.423728813559322,
    "mcc": 0.422794298362891,
    "n_residues": 38454,
    "n_binding": 885,
    "included": 67,
    "skipped": 83,
    "total": 150
  },
  "PDBbind": {
    "auc": 0.8711118788548027,
    "f1": 0.421994037760848,
    "precision": 0.4708056171470806,
    "recall": 0.38235294117647056,
    "mcc": 0.41212381481566424,
    "n_residues": 72322,
    "n_binding": 1666,
    "included": 107,
    "skipped": 47,
    "total": 154
  },
  "SC6K": {
    "auc": 0.8648152212153402,
    "f1": 0.4421052631578947,
    "precision": 0.5210918114143921,
    "recall": 0.38391224862888484,
    "mcc": 0.43364470901582897,
    "n_residues": 19332,
    "n_binding": 547,
    "included": 41,
    "skipped": 44,
    "total": 85
  },
  "BioLiP": {
    "auc": 0.841922515237255,
    "f1": 0.3486973947895792,
    "precision": 0.3779869659666908,
    "recall": 0.3236205827650341,
    "mcc": 0.33616384816252143,
    "n_residues": 72817,
    "n_binding": 1613,
    "included": 117,
    "skipped": 51,
    "total": 168
  },
  "CryptoBench": {
    "auc": 0.8549745728404644,
    "f1": 0.383399209486166,
    "precision": 0.4311111111111111,
    "recall": 0.34519572953736655,
    "mcc": 0.37514495047384866,
    "n_residues": 14733,
    "n_binding": 281,
    "included": 22,
    "skipped": 0,
    "total": 22
  },
  "DUD-E": {
    "auc": 0.7911748663580935,
    "f1": 0.2837209302325581,
    "precision": 0.34269662921348315,
    "recall": 0.24206349206349206,
    "mcc": 0.2700937480308179,
    "n_residues": 8575,
    "n_binding": 252,
    "included": 17,
    "skipped": 8,
    "total": 25
  }
}