{
  "COACH420": {
    "n_proteins": 305,
    "mean_auc": 0.8000902768803801,
    "top_k": {
      "top-1": {
        "success": 102,
        "rate": 0.3344262295081967,
        "pct": "33.4%"
      },
      "top-3": {
        "success": 145,
        "rate": 0.47540983606557374,
        "pct": "47.5%"
      },
      "top-5": {
        "success": 169,
        "rate": 0.5540983606557377,
        "pct": "55.4%"
      },
      "top-10": {
        "success": 210,
        "rate": 0.6885245901639344,
        "pct": "68.9%"
      }
    },
    "included": 311,
    "skipped": 108
  },
  "scPDB": {
    "n_proteins": 67,
    "mean_auc": 0.8275808155502032,
    "top_k": {
      "top-1": {
        "success": 32,
        "rate": 0.47761194029850745,
        "pct": "47.8%"
      },
      "top-3": {
        "success": 42,
        "rate": 0.6268656716417911,
        "pct": "62.7%"
      },
      "top-5": {
        "success": 45,
        "rate": 0.6716417910447762,
        "pct": "67.2%"
      },
      "top-10": {
        "success": 49,
        "rate": 0.7313432835820896,
        "pct": "73.1%"
      }
    },
    "included": 67,
    "skipped": 83
  },
  "PDBbind": {
    "n_proteins": 106,
    "mean_auc": 0.8080138092803982,
    "top_k": {
      "top-1": {
        "success": 43,
        "rate": 0.4056603773584906,
        "pct": "40.6%"
      },
      "top-3": {
        "success": 60,
        "rate": 0.5660377358490566,
        "pct": "56.6%"
      },
      "top-5": {
        "success": 67,
        "rate": 0.6320754716981132,
        "pct": "63.2%"
      },
      "top-10": {
        "success": 76,
        "rate": 0.7169811320754716,
        "pct": "71.7%"
      }
    },
    "included": 107,
    "skipped": 47
  },
  "SC6K": {
    "n_proteins": 41,
    "mean_auc": 0.8172938666699442,
    "top_k": {
      "top-1": {
        "success": 20,
        "rate": 0.4878048780487805,
        "pct": "48.8%"
      },
      "top-3": {
        "success": 27,
        "rate": 0.6585365853658537,
        "pct": "65.9%"
      },
      "top-5": {
        "success": 31,
        "rate": 0.7560975609756098,
        "pct": "75.6%"
      },
      "top-10": {
        "success": 32,
        "rate": 0.7804878048780488,
        "pct": "78.0%"
      }
    },
    "included": 41,
    "skipped": 44
  },
  "BioLiP": {
    "n_proteins": 117,
    "mean_auc": 0.7832954166956667,
    "top_k": {
      "top-1": {
        "success": 40,
        "rate": 0.3418803418803419,
        "pct": "34.2%"
      },
      "top-3": {
        "success": 57,
        "rate": 0.48717948717948717,
        "pct": "48.7%"
      },
      "top-5": {
        "success": 66,
        "rate": 0.5641025641025641,
        "pct": "56.4%"
      },
      "top-10": {
        "success": 77,
        "rate": 0.6581196581196581,
        "pct": "65.8%"
      }
    },
    "included": 117,
    "skipped": 51
  },
  "CryptoBench": {
    "n_proteins": 22,
    "mean_auc": 0.8391410778921133,
    "top_k": {
      "top-1": {
        "success": 11,
        "rate": 0.5,
        "pct": "50.0%"
      },
      "top-3": {
        "success": 13,
        "rate": 0.5909090909090909,
        "pct": "59.1%"
      },
      "top-5": {
        "success": 14,
        "rate": 0.6363636363636364,
        "pct": "63.6%"
      },
      "top-10": {
        "success": 17,
        "rate": 0.7727272727272727,
        "pct": "77.3%"
      }
    },
    "included": 22,
    "skipped": 0
  }
}