{
  "method": "Random Forest",
  "n_estimators": 100,
  "class_weight": "balanced",
  "train_samples": 1728213,
  "test_samples": 218593,
  "optimal_threshold": 0.5800000000000001,
  "validation": {
    "accuracy": 0.9313274518554118,
    "precision": 0.11928891842498754,
    "recall": 0.21000292483182217,
    "f1": 0.1521508794236067,
    "mcc": 0.12438968971007837,
    "auc": 0.694444956174005,
    "threshold": 0.5800000000000001
  },
  "test": {
    "accuracy": 0.9312466547419176,
    "precision": 0.15214907269051595,
    "recall": 0.2433230250210852,
    "f1": 0.18722621816018603,
    "mcc": 0.15794130203246276,
    "auc": 0.7125811032495036,
    "threshold": 0.5800000000000001
  },
  "feature_importance": {
    "Geo_Dihedral": 0.46720974883344335,
    "Geo_Angle": 0.42236025988619874,
    "AA_I": 0.02673784678606712,
    "SS_Helix": 0.02576647271523318,
    "SS_Sheet": 0.007291924531452359,
    "AA_H": 0.0060923732047639375,
    "AA_S": 0.005669726707216254,
    "AA_M": 0.00563699601427344,
    "AA_N": 0.003972388076495392,
    "AA_F": 0.003774467858400412,
    "AA_T": 0.0031259427335002536,
    "AA_E": 0.0029963760436466256,
    "SS_Coil": 0.0028379561884157704,
    "AA_G": 0.0028048771909488903,
    "AA_A": 0.0023847107816541264
  },
  "timestamp": "2025-12-25T01:14:25.362584"
}