{
  "generated": "2025-12-25T02:02:44.999466",
  "comparison": {
    "our_results": {
      "combined/test": {
        "description": "Combined Test (same distribution)",
        "metrics": {
          "auc": 0.9486742874048458,
          "accuracy": 0.9758912682473821,
          "precision": 0.6297495074584858,
          "recall": 0.6290413269609221,
          "f1": 0.629395218002813,
          "mcc": 0.6169356960607545,
          "threshold": 0.8500000000000003,
          "n_samples": 218593,
          "n_positive": 7114
        }
      },
      "coach420": {
        "description": "COACH420 (cross-dataset)",
        "metrics": {
          "auc": 0.8483084366188821,
          "accuracy": 0.9696233733280168,
          "precision": 0.34328358208955223,
          "recall": 0.3189522342064715,
          "f1": 0.3306709265175719,
          "mcc": 0.3153743544181331,
          "threshold": 0.5500000000000002,
          "n_samples": 27587,
          "n_positive": 649
        }
      },
      "joined_full": {
        "description": "Joined Full Dataset",
        "metrics": {
          "auc": 0.9641817554178936,
          "accuracy": 0.9808917197452229,
          "precision": 0.6,
          "recall": 0.7560321715817694,
          "f1": 0.6690391459074733,
          "mcc": 0.6640088192553686,
          "threshold": 0.6500000000000001,
          "n_samples": 14601,
          "n_positive": 373
        }
      },
      "scpdb": {
        "description": "scPDB (druggable binding sites)",
        "metrics": {
          "auc": 0.9414260858006631,
          "accuracy": 0.9780812896390786,
          "precision": 0.6236559139784946,
          "recall": 0.6047666335650447,
          "f1": 0.614066044870179,
          "mcc": 0.6028646301557067,
          "threshold": 0.9000000000000002,
          "n_samples": 69849,
          "n_positive": 2014
        }
      },
      "pdbbind_refined": {
        "description": "PDBbind Refined Set",
        "metrics": {
          "auc": 0.904515813712736,
          "accuracy": 0.9762009164455943,
          "precision": 0.5353583293782629,
          "recall": 0.4862068965517241,
          "f1": 0.5096001807092839,
          "mcc": 0.49803944154664753,
          "threshold": 0.8500000000000003,
          "n_samples": 91222,
          "n_positive": 2320
        }
      },
      "sc6k": {
        "description": "SC6K Benchmark",
        "metrics": {
          "auc": 0.9206731142908443,
          "accuracy": 0.9763749865461199,
          "precision": 0.5933062880324543,
          "recall": 0.5508474576271186,
          "f1": 0.5712890625,
          "mcc": 0.559566609488473,
          "threshold": 0.8500000000000003,
          "n_samples": 37164,
          "n_positive": 1062
        }
      }
    },
    "literature": [
      {
        "method": "P2Rank",
        "year": 2018,
        "type": "Random Forest",
        "paper": "Kriv\u00e1k & Hoksza, J Cheminform 2018",
        "best_auc": 0.82,
        "best_mcc": null,
        "dataset": "coach420"
      },
      {
        "method": "Kalasanty",
        "year": 2020,
        "type": "3D-CNN",
        "paper": "Stepniewska-Dziubinska et al., Bioinformatics 2020",
        "best_auc": 0.86,
        "best_mcc": 0.52,
        "dataset": "scpdb"
      },
      {
        "method": "DeepSurf",
        "year": 2021,
        "type": "3D-CNN + Surface",
        "paper": "Mylonas et al., J Chem Inf Model 2021",
        "best_auc": 0.88,
        "best_mcc": null,
        "dataset": "scpdb"
      },
      {
        "method": "PUResNet",
        "year": 2021,
        "type": "3D U-Net",
        "paper": "Kandel et al., J Cheminform 2021",
        "best_auc": 0.85,
        "best_mcc": 0.5,
        "dataset": "scpdb"
      },
      {
        "method": "EquiBind",
        "year": 2022,
        "type": "E(3)-Equivariant GNN",
        "paper": "St\u00e4rk et al., ICML 2022",
        "best_auc": 0.88,
        "best_mcc": 0.54,
        "dataset": "pdbbind"
      },
      {
        "method": "ScanNet",
        "year": 2022,
        "type": "Geometric DL",
        "paper": "Tubiana et al., Nat Methods 2022",
        "best_auc": 0.87,
        "best_mcc": 0.53,
        "dataset": "custom"
      },
      {
        "method": "GraphBind",
        "year": 2023,
        "type": "GNN + Attention",
        "paper": "Xia et al., Bioinformatics 2023",
        "best_auc": 0.89,
        "best_mcc": 0.56,
        "dataset": "biolip"
      },
      {
        "method": "GrASP",
        "year": 2023,
        "type": "GNN",
        "paper": "Yang et al., NAR 2023",
        "best_auc": 0.87,
        "best_mcc": 0.52,
        "dataset": "biolip"
      },
      {
        "method": "PGpocket",
        "year": 2024,
        "type": "Geometric DL",
        "paper": "Zhang et al., J Chem Inf Model 2024",
        "best_auc": 0.9,
        "best_mcc": null,
        "dataset": "scpdb"
      },
      {
        "method": "GPSite",
        "year": 2024,
        "type": "pLM + Geometric",
        "paper": "Yuan et al., Nat Commun 2024",
        "best_auc": 0.91,
        "best_mcc": 0.58,
        "dataset": "biolip"
      }
    ],
    "summary": {
      "our_best_auc": 0.9641817554178936,
      "our_best_mcc": 0.6640088192553686,
      "lit_max_auc": 0.91,
      "lit_avg_auc": 0.873,
      "improvement_vs_best": 5.418175541789361,
      "improvement_vs_avg": 9.118175541789364
    }
  }
}