{
  "generated": "2025-12-25T01:55:56.502531",
  "threshold": 0.5,
  "model": "checkpoints_optimized/best_model.pth",
  "case_studies": {
    "1HSG": {
      "case_info": {
        "name": "HIV-1 Protease + Indinavir",
        "description": "FDA-approved HIV protease inhibitor complex",
        "ligand": "MK1 (Indinavir)",
        "known_binding_residues": [
          8,
          23,
          25,
          27,
          28,
          29,
          30,
          32,
          47,
          48,
          49,
          50,
          76,
          80,
          81,
          82,
          84
        ],
        "biological_function": "Cleaves viral polyproteins; drug target",
        "reference": "Chen et al., J Mol Biol 1994"
      },
      "predictions": {
        "n_residues": 198,
        "n_predicted": 28,
        "predicted_sites": [
          24,
          26,
          27,
          28,
          29,
          30,
          31,
          46,
          47,
          48,
          49,
          79,
          80,
          81,
          83,
          123,
          125,
          126,
          127,
          128,
          129,
          130,
          145,
          146,
          147,
          148,
          179,
          180
        ]
      },
      "evaluation": {
        "precision": 0.32142857142857145,
        "recall": 0.5294117647058824,
        "f1": 0.39999999999999997,
        "true_positives": 9,
        "false_positives": 19,
        "false_negatives": 8,
        "predicted_sites": [
          24,
          26,
          27,
          28,
          29,
          30,
          31,
          46,
          47,
          48,
          49,
          79,
          80,
          81,
          83,
          123,
          125,
          126,
          127,
          128,
          129,
          130,
          145,
          146,
          147,
          148,
          179,
          180
        ],
        "known_sites": [
          8,
          23,
          25,
          27,
          28,
          29,
          30,
          32,
          47,
          48,
          49,
          50,
          76,
          80,
          81,
          82,
          84
        ],
        "overlap": [
          27,
          28,
          29,
          30,
          47,
          48,
          49,
          80,
          81
        ]
      },
      "aa_analysis": {
        "binding_composition": {
          "ASP": 6,
          "GLY": 6,
          "ALA": 2,
          "THR": 3,
          "VAL": 4,
          "ILE": 5,
          "PRO": 2
        },
        "enrichment": {
          "ASP": 5.304,
          "GLY": 1.632,
          "ALA": 2.357,
          "THR": 1.326,
          "VAL": 2.357,
          "ILE": 1.36,
          "PRO": 1.179
        }
      }
    },
    "4HHB": {
      "case_info": {
        "name": "Hemoglobin + Heme",
        "description": "Classic oxygen-binding protein with heme cofactor",
        "ligand": "HEM (Heme)",
        "known_binding_residues": [
          58,
          63,
          87,
          92,
          99,
          141
        ],
        "biological_function": "Oxygen transport in blood",
        "reference": "Fermi et al., J Mol Biol 1984"
      },
      "predictions": {
        "n_residues": 574,
        "n_predicted": 1,
        "predicted_sites": [
          42
        ]
      },
      "evaluation": {
        "precision": 0.0,
        "recall": 0.0,
        "f1": 0,
        "true_positives": 0,
        "false_positives": 1,
        "false_negatives": 6,
        "predicted_sites": [
          42
        ],
        "known_sites": [
          58,
          63,
          87,
          92,
          99,
          141
        ],
        "overlap": []
      },
      "aa_analysis": {
        "binding_composition": {
          "PHE": 1
        },
        "enrichment": {
          "PHE": 19.133
        }
      }
    },
    "1FKB": {
      "case_info": {
        "name": "FKBP12 + FK506",
        "description": "Immunophilin with immunosuppressant drug",
        "ligand": "FK5 (FK506/Tacrolimus)",
        "known_binding_residues": [
          26,
          36,
          37,
          42,
          46,
          54,
          55,
          56,
          59,
          82,
          87,
          97
        ],
        "biological_function": "Immunosuppression target; transplant medicine",
        "reference": "Van Duyne et al., Science 1991"
      },
      "predictions": {
        "n_residues": 107,
        "n_predicted": 1,
        "predicted_sites": [
          55
        ]
      },
      "evaluation": {
        "precision": 1.0,
        "recall": 0.08333333333333333,
        "f1": 0.15384615384615385,
        "true_positives": 1,
        "false_positives": 0,
        "false_negatives": 11,
        "predicted_sites": [
          55
        ],
        "known_sites": [
          26,
          36,
          37,
          42,
          46,
          54,
          55,
          56,
          59,
          82,
          87,
          97
        ],
        "overlap": [
          55
        ]
      },
      "aa_analysis": {
        "binding_composition": {
          "ILE": 1
        },
        "enrichment": {
          "ILE": 21.4
        }
      }
    }
  }
}